rank,gene,prot_log2fc,prot_fdr,rna_log2fc,rna_fdr,uniprot,locations,surface_secreted,loc_reason,immune_rho,immune_infiltration_flag,assoc_expr,tractability,safety,selectivity,composite_0_100,retained_top12,n_agents,max_clinical_phase,any_indication_positive,ccrcc_direct_positive,ccrcc_interventional,agent_modality,agents,ccrcc_agents,example_ncts
1,TNFAIP6,1.6712805078352384,1.1090688714450753e-24,4.283521578891095,3.971609107698291e-27,P98066,Secreted,True,locs=['Secreted']; secreted=True; cellmem=False; kw_access=True,-0.07402110997616616,False,4.56,3.0,4.7,5.0,84.6,False,0,0,False,False,False,,,,
2,CD70,2.3618215456879423,1.1467814136327077e-30,4.273539989349584,3.218671241862919e-28,P32970,Cell membrane,True,locs=['Cell membrane']; secreted=False; cellmem=True; kw_access=True,0.11809390708473277,False,4.89,3.0,4.7,4.3,84.5,True,4,2,True,True,True,,CUSATUZUMAB; MDX-1411; VORSETUZUMAB; VORSETUZUMAB MAFODOTIN,MDX-1411,NCT00656734
3,TYROBP,2.2084089679729395,1.1467814136327077e-30,2.639084488199237,7.133980161531416e-28,O43914,Cell membrane,True,locs=['Cell membrane']; secreted=False; cellmem=True; kw_access=True,0.6767847079773686,True,4.61,3.0,4.7,4.3,82.6,False,0,0,False,False,False,,,,
4,CA9,2.2258467469171483,1.1467814136327077e-30,6.021210562019265,3.992837590893392e-27,Q16790,"Nucleus; Nucleus, nucleolus; Cell membrane; Cell projection, microvillus membrane",True,"locs=['Cell membrane', 'Cell projection, microvillus membrane']; secreted=False; cellmem=True; kw_access=True",-0.1956630525437865,False,4.89,3.0,4.7,2.8,79.5,True,4,3,True,True,True,,ETHOXZOLAMIDE; GIRENTUXIMAB; IODINE I 124 GIRENTUXIMAB; SULTHIAME,GIRENTUXIMAB; IODINE I 124 GIRENTUXIMAB,NCT00087022;NCT00717587;NCT01762592;NCT02002312;NCT02411968
5,FCER1G,2.396871802576188,1.1467814136327077e-30,2.444300780014898,7.788919648471945e-28,P30273,Cell membrane,True,locs=['Cell membrane']; secreted=False; cellmem=True; kw_access=True,0.8034488199625814,True,4.57,3.0,3.7,4.3,77.9,False,0,0,False,False,False,,,,
6,HILPDA,2.739471042956206,1.3948734542261437e-16,4.830710835194351,3.359447815993229e-27,Q9Y5L2,Lipid droplet; Secreted; Membrane,True,locs=['Secreted']; secreted=True; cellmem=False; kw_access=True,-0.10163934426229508,False,4.96,1.5,4.7,4.3,76.6,True,0,0,False,False,False,,,,
7,COL23A1,2.4604581196404345,2.7127263259488457e-28,3.945564121173724,7.938733918445488e-25,Q86Y22,Cell membrane,True,locs=['Cell membrane']; secreted=False; cellmem=True; kw_access=True,-0.06581458145814582,False,4.89,1.5,4.7,4.3,76.2,True,0,0,False,False,False,,,,
8,SLC16A3,2.243859927605212,1.1467814136327077e-30,3.2995856344309553,1.4622312100027899e-27,O15427,Cell membrane; Basolateral cell membrane,True,"locs=['Cell membrane', 'Basolateral cell membrane']; secreted=False; cellmem=True; kw_access=True",0.13735319973852084,False,4.76,3.0,4.7,2.0,76.0,True,0,0,False,False,False,,,,
9,ENPP3,1.505828772400692,2.437189732813084e-30,3.788062768143395,2.0731495877559013e-25,O14638,Cell membrane; Apical cell membrane; Secreted,True,"locs=['Cell membrane', 'Apical cell membrane', 'Secreted']; secreted=True; cellmem=True; kw_access=True",-0.2806888623402385,False,4.28,3.0,4.7,2.7,75.1,False,1,2,True,True,True,,AGS-16C3F,AGS-16C3F,NCT01672775;NCT02639182
10,LAIR1,1.3281850779137339,4.3900193769779235e-26,2.1746462050535698,3.011241054527455e-28,Q6GTX8,Cell membrane,True,locs=['Cell membrane']; secreted=False; cellmem=True; kw_access=True,0.7877050485746138,True,3.43,3.0,4.7,4.3,74.8,False,0,0,False,False,False,,,,
11,NPTX2,1.7272458016012047,2.2851752261448053e-11,4.031247709357572,3.5579874010376044e-27,P47972,Secreted,True,locs=['Secreted']; secreted=True; cellmem=False; kw_access=True,0.2704874835309618,False,4.6,1.5,4.7,4.3,74.2,True,0,0,False,False,False,,,,
12,ANGPTL4,1.6904325344763043,2.770992413258677e-30,5.242656567444215,6.565774760838925e-25,Q9BY76,"Secreted; Secreted, extracellular space, extracellular matrix",True,"locs=['Secreted', 'Secreted, extracellular space, extracellular matrix']; secreted=True; cellmem=False; kw_access=True",-0.036846020332258866,False,4.61,3.0,3.2,3.5,73.3,False,0,0,False,False,False,,,,
13,CD48,1.3212745747327228,9.022251476492329e-24,1.6331795843430112,1.3621870357172054e-23,P09326,Cell membrane; Membrane raft; Secreted,True,"locs=['Cell membrane', 'Membrane raft', 'Secreted']; secreted=True; cellmem=True; kw_access=True",0.73860821819701,True,2.77,3.0,4.7,5.0,72.7,False,0,0,False,False,False,,,,
14,ADM,1.244781602247817,0.0010725379137953624,2.533181217775164,2.1306105803143885e-25,P35318,Secreted,True,locs=['Secreted']; secreted=True; cellmem=False; kw_access=True,-0.1032967032967033,False,3.34,3.0,4.2,4.3,71.9,False,1,2,True,False,False,,ENIBARCIMAB,,
15,LPCAT1,1.6003486750701235,1.1467814136327077e-30,2.314677228946867,7.499167045049996e-26,Q8NF37,Endoplasmic reticulum membrane; Golgi apparatus membrane; Cell membrane; Lipid droplet,True,locs=['Cell membrane']; secreted=False; cellmem=True; kw_access=True,0.16199535649076932,False,4.1,3.0,4.2,2.7,71.7,False,0,0,False,False,False,,,,
16,FCGR3A,1.8293696540061244,1.1467814136327077e-30,3.460334599107505,3.011241054527455e-28,P08637,Cell membrane; Secreted,True,"locs=['Cell membrane', 'Secreted']; secreted=True; cellmem=True; kw_access=True",0.6689854157744065,True,4.6,3.0,4.7,1.0,71.6,False,2,3,True,True,True,,BEMARITUZUMAB; IMGATUZUMAB,BEMARITUZUMAB,NCT07470840
17,CYBB,1.6605407772726484,1.1467814136327077e-30,2.1970574577952102,7.143029656683541e-27,P04839,Cell membrane,True,locs=['Cell membrane']; secreted=False; cellmem=True; kw_access=True,0.750711178234114,True,4.07,3.0,4.2,2.7,71.5,False,0,0,False,False,False,,,,
18,LOX,1.4667598357636766,2.3853538383572677e-30,2.8033500636517186,2.4807333898615507e-22,P28300,"Secreted; Secreted, extracellular space",True,"locs=['Secreted', 'Secreted, extracellular space']; secreted=True; cellmem=False; kw_access=True",0.243504722403805,False,4.06,3.0,4.2,2.7,71.4,False,0,0,False,False,False,,,,
19,VWF,1.2710282397055044,9.811554821300599e-29,3.515983389860927,9.357485930465263e-28,P04275,"Secreted; Secreted, extracellular space, extracellular matrix",True,"locs=['Secreted', 'Secreted, extracellular space, extracellular matrix']; secreted=True; cellmem=False; kw_access=True",-0.11089872190789622,False,3.64,3.0,4.2,3.5,71.3,False,4,2,True,False,False,,CAPLACIZUMAB; EGAPTIVON PEGOL; VON WILLEBRAND FACTOR HUMAN; VONICOG ALFA,,
20,SCARB1,1.8026981291083164,1.1467814136327077e-30,2.8858595044619575,2.6959979478878314e-28,Q8WTV0,"Cell membrane; Membrane, caveola",True,locs=['Cell membrane']; secreted=False; cellmem=True; kw_access=True,-0.2040574352500958,False,4.49,3.0,2.7,3.5,70.3,True,0,0,False,False,False,,,,
21,BTN3A2,1.4221095209975878,7.935211248916724e-30,1.9910206711474019,2.613520105714771e-27,P78410,Cell membrane,True,locs=['Cell membrane']; secreted=False; cellmem=True; kw_access=True,0.3898921832884097,False,3.49,3.0,4.7,2.7,69.8,False,0,0,False,False,False,,,,
22,PRF1,1.0599162620886644,4.6719496234698495e-29,2.048417664037126,1.0180277327294414e-26,P14222,Cytolytic granule; Secreted; Cell membrane; Endosome lumen,True,"locs=['Secreted', 'Cell membrane']; secreted=True; cellmem=True; kw_access=True",0.034880418366656896,False,2.32,3.0,4.7,5.0,69.7,False,0,0,False,False,False,,,,
23,VCAM1,1.364164976049071,3.9096583599003214e-30,1.6930866153176245,1.3062726279584416e-20,P19320,Cell membrane; Secreted,True,"locs=['Cell membrane', 'Secreted']; secreted=True; cellmem=True; kw_access=True",0.2345873813763722,False,2.98,3.0,3.7,5.0,69.6,False,0,0,False,False,False,,,,
24,NCKAP1L,1.2982732893675493,1.2710172662397035e-30,2.0323453051563645,6.837213481780691e-28,P55160,Cell membrane; Cytoplasm,True,locs=['Cell membrane']; secreted=False; cellmem=True; kw_access=True,0.7955413294862836,True,3.2,3.0,4.2,3.5,68.3,False,0,0,False,False,False,,,,
25,CD53,1.3561486306002706,1.9750234697102517e-19,2.2319302378327457,2.561461787216535e-27,P19397,Cell membrane; Cell junction; Membrane; Synapse,True,locs=['Cell membrane']; secreted=False; cellmem=True; kw_access=True,0.4834179925276017,True,3.52,3.0,4.2,2.7,67.8,False,0,0,False,False,False,,,,
26,CD2,1.0195172382929099,1.1569434142856563e-25,2.0589343713452575,1.1891819966844518e-23,P06729,Cell membrane,True,locs=['Cell membrane']; secreted=False; cellmem=True; kw_access=True,0.7132655591371188,True,2.03,3.0,4.7,5.0,67.8,False,2,2,True,False,False,,ALEFACEPT; SIPLIZUMAB,,
27,CTHRC1,1.587408541912752,4.042874508989154e-26,1.8265089955920186,3.658710655197378e-24,Q96CG8,"Secreted, extracellular space, extracellular matrix",True,"locs=['Secreted, extracellular space, extracellular matrix']; secreted=True; cellmem=False; kw_access=True",0.35599486058201657,False,3.62,1.5,4.7,4.3,67.7,False,0,0,False,False,False,,,,
28,CD36,1.2731621630440466,7.557242820003473e-23,2.512250372056947,1.1806062331623395e-22,P16671,Cell membrane; Membrane raft; Golgi apparatus; Apical cell membrane,True,"locs=['Cell membrane', 'Membrane raft', 'Apical cell membrane']; secreted=False; cellmem=True; kw_access=True",-0.19608682911435205,False,3.43,3.0,3.7,3.5,67.6,False,0,0,False,False,False,,,,
29,SLC2A1,2.004596076128799,1.1467814136327077e-30,2.2999812482072026,1.5514537040133522e-24,P11166,Cell membrane; Melanosome; Photoreceptor inner segment,True,locs=['Cell membrane']; secreted=False; cellmem=True; kw_access=True,0.11621847034691073,False,4.37,3.0,3.4,2.0,67.6,True,0,0,False,False,False,,,,
30,ITGB2,1.4593389519161302,1.2785209114886742e-30,2.293736261461577,8.967761411831408e-28,P05107,Cell membrane; Membrane raft,True,"locs=['Cell membrane', 'Membrane raft']; secreted=False; cellmem=True; kw_access=True",0.5968712665960373,True,3.82,3.0,4.2,2.0,67.5,False,3,0,False,False,False,,EFALIZUMAB; LIFITEGRAST; ROVELIZUMAB,,
31,RHBDL2,1.6825632169777944,9.52197882123102e-12,0.24129196203251257,8.0167938031063e-09,Q9NX52,Cell membrane,True,locs=['Cell membrane']; secreted=False; cellmem=True; kw_access=True,0.28442776735459663,False,2.28,3.0,4.7,4.3,67.1,False,0,0,False,False,False,,,,
32,POSTN,2.3486344621342212,1.8311878632403294e-26,1.0290294454290394,6.689805709190224e-07,Q15063,"Golgi apparatus; Secreted; Secreted, extracellular space, extracellular matrix",True,"locs=['Secreted', 'Secreted, extracellular space, extracellular matrix']; secreted=True; cellmem=False; kw_access=True",0.29821147252339913,False,3.01,3.0,4.2,3.5,67.1,True,0,0,False,False,False,,,,
33,FLT1,1.4386262378746737,2.5277016898421558e-15,1.8876738739065124,6.530404697676508e-21,P17948,Cell membrane; Endosome; Secreted; Secreted; Secreted; Cytoplasm; Cytoplasm; Cytoplasm,True,"locs=['Cell membrane', 'Secreted', 'Secreted', 'Secreted']; secreted=True; cellmem=True; kw_access=True",-0.0838968145397694,False,3.47,3.0,3.2,3.5,65.7,False,48,3,True,True,True,,4SC-203; AEE-788; AGN-211745; AXITINIB; BMS-690514; BRIVANIB; BRIVANIB ALANINATE; CEDIRANIB; CEP-11981; CEP-5214; DOVITINIB; FAMITINIB; FORETINIB; FRUQUINTINIB; GLESATINIB; IBCASERTIB; ICRUCUMAB; ILORASERTIB; KRN-633; LENVATINIB; LENVATINIB MESYLATE; LINIFANIB; LUCITANIB; MOTESANIB; NINTEDANIB; NINT,AXITINIB; BRIVANIB; BRIVANIB ALANINATE; CEDIRANIB; DOVITINIB; FAMITINIB; FORETINIB; FRUQUINTINIB; ICRUCUMAB; LENVATINIB; LENVATINIB MESYLATE; LINIFANIB; NINTEDANIB; NINTEDANIB ESYLATE; OSI-930; PAZOPANIB; PAZOPANIB HYDROCHLORIDE; REGORAFENIB; SEMAXANIB; SORAFENIB; SORAFENIB TOSYLATE; SUNITINIB; SUNI,NCT00006384;NCT00009919;NCT00054886;NCT00098618;NCT00101114
34,ANGPT2,1.541609291246555,1.2710172662397035e-30,2.2545580313674103,3.6296006357909113e-26,O15123,Secreted,True,locs=['Secreted']; secreted=True; cellmem=False; kw_access=True,0.012104681829452471,False,3.96,3.0,4.2,1.2,65.7,False,8,3,True,True,True,,AMG-780; CVX-060; FARICIMAB; MEDI-3617; NESVACUMAB; TREBANANIB; VANUCIZUMAB; ZANSECIMAB,CVX-060; TREBANANIB,NCT00467025;NCT00853372;NCT00953446;NCT00982657;NCT01441414
35,MSR1,1.2384488866548828,1.2785209114886742e-30,2.3722791892385837,5.346533431774596e-28,P21757,Cell membrane,True,locs=['Cell membrane']; secreted=False; cellmem=True; kw_access=True,0.736239659175439,True,3.23,1.5,4.7,4.3,65.1,False,0,0,False,False,False,,,,
36,HAVCR1,1.795411479577107,2.10586345576948e-27,1.8579896970169978,1.8978185414825693e-17,Q96D42,"Cell membrane; Cell projection, phagocytic cup; Cytoplasmic vesicle, phagosome",True,"locs=['Cell membrane', 'Cell projection, phagocytic cup']; secreted=False; cellmem=True; kw_access=True",0.08808222283799784,False,3.86,1.5,3.2,5.0,65.0,True,0,0,False,False,False,,,,
37,CD163,1.2805424215249044,1.2128167267000082e-25,1.9343489650177301,5.061433367814221e-23,Q86VB7,Secreted; Cell membrane,True,"locs=['Secreted', 'Cell membrane']; secreted=True; cellmem=True; kw_access=True",0.6854630168899243,True,3.03,3.0,4.2,2.7,64.5,False,0,0,False,False,False,,,,
38,LOXL2,1.705756345283926,1.1923530267821119e-30,2.381459519775941,2.6363439389300345e-25,Q9Y4K0,"Secreted, extracellular space, extracellular matrix, basement membrane; Nucleus; Chromosome; Endoplasmic reticulum",True,"locs=['Secreted, extracellular space, extracellular matrix, basement membrane']; secreted=True; cellmem=False; kw_access=True",0.10969050785564546,False,4.25,1.5,4.2,2.7,64.3,False,2,2,True,False,False,,LENUMLOSTAT; SIMTUZUMAB,,
39,IGFBP3,1.0765831651236546,1.1212816438494526e-28,3.8190024959795146,9.815089621761917e-25,P17936,Secreted; Nucleus,True,locs=['Secreted']; secreted=True; cellmem=False; kw_access=True,0.11890539413475193,False,2.99,3.0,4.2,2.7,64.3,False,0,0,False,False,False,,,,
40,ESM1,1.6559442753758309,2.3281896515813897e-27,3.2429304313866814,1.2890073363125317e-24,Q9NQ30,Secreted,True,locs=['Secreted']; secreted=True; cellmem=False; kw_access=True,-0.05319743739079791,False,4.43,1.5,2.7,4.3,64.2,False,0,0,False,False,False,,,,
41,CD68,1.1831803231629403,7.937768956644168e-14,2.318801115813332,5.345956082849925e-28,P34810,Cell membrane; Endosome membrane; Lysosome membrane,True,locs=['Cell membrane']; secreted=False; cellmem=True; kw_access=True,0.5487768045907581,True,3.04,1.5,4.7,4.3,63.8,False,0,0,False,False,False,,,,
42,CD300A,1.1267974763558732,1.8138670038827172e-19,2.385410913264715,3.453419198753153e-28,Q9UGN4,Cell membrane,True,locs=['Cell membrane']; secreted=False; cellmem=True; kw_access=True,0.5215116787682618,True,2.85,3.0,4.2,2.8,63.7,False,0,0,False,False,False,,,,
43,ITGAL,1.374513406186873,5.3597204387836904e-30,1.600215503069981,1.592984919604697e-24,P20701,Cell membrane; Membrane raft,True,"locs=['Cell membrane', 'Membrane raft']; secreted=False; cellmem=True; kw_access=True",0.789482226179474,True,2.9,3.0,4.2,2.7,63.7,False,4,0,False,False,False,,EFALIZUMAB; LIFITEGRAST; ODULIMOMAB; ROVELIZUMAB,,
44,IL4I1,1.0745437758678307,1.282238864324728e-25,1.231564004091844,6.2735469589196375e-24,Q96RQ9,"Secreted; Lysosome; Cytoplasmic vesicle, secretory vesicle, acrosome",True,locs=['Secreted']; secreted=True; cellmem=False; kw_access=True,0.49208123887022975,True,1.42,3.0,4.7,5.0,63.7,False,0,0,False,False,False,,,,
45,ITGAX,1.8404775456588236,1.1467814136327077e-30,2.0867956862293005,8.799143476114187e-28,P20702,Cell membrane,True,locs=['Cell membrane']; secreted=False; cellmem=True; kw_access=True,0.5984401415594076,True,4.13,1.5,4.2,2.7,63.5,False,0,0,False,False,False,,,,
46,GPNMB,1.1844474112004475,1.60304371586276e-23,2.2098404781702823,1.5514537040133522e-24,Q14956,Cell membrane; Melanosome membrane; Early endosome membrane,True,locs=['Cell membrane']; secreted=False; cellmem=True; kw_access=True,0.3061695557108401,False,2.98,1.5,4.7,4.3,63.4,False,1,0,False,False,False,,GLEMBATUMUMAB VEDOTIN,,
47,SLC2A3,1.7335228745480538,1.1467814136327077e-30,1.6933197724881732,6.26730429120528e-16,P11169,Cell membrane; Perikaryon; Cell projection,True,"locs=['Cell membrane', 'Cell projection']; secreted=False; cellmem=True; kw_access=True",0.04009196853233551,False,3.62,3.0,4.2,1.0,62.8,True,0,0,False,False,False,,,,
48,SPARC,1.1072045874754621,1.4874520653176751e-30,1.832137056541117,1.613149320777409e-26,P09486,"Secreted, extracellular space, extracellular matrix, basement membrane",True,"locs=['Secreted, extracellular space, extracellular matrix, basement membrane']; secreted=True; cellmem=False; kw_access=True",-0.08213601424610599,False,2.32,3.0,4.2,3.5,62.5,False,0,0,False,False,False,,,,
49,EMILIN2,1.4914721698240385,1.1467814136327077e-30,1.302853046271891,2.5963991204401034e-26,Q9BXX0,"Secreted, extracellular space, extracellular matrix",True,"locs=['Secreted, extracellular space, extracellular matrix']; secreted=True; cellmem=False; kw_access=True",0.4114825417577711,True,2.79,1.5,4.7,4.3,62.2,False,0,0,False,False,False,,,,
50,C5AR1,1.4178547958179195,9.46310404676606e-20,1.3025853773633442,8.532246136394673e-20,P21730,Cell membrane; Cytoplasmic vesicle,True,locs=['Cell membrane']; secreted=False; cellmem=True; kw_access=True,0.5387237762237762,True,2.65,3.0,4.2,2.7,62.0,False,2,2,True,False,False,,AVACOPAN; AVDORALIMAB,,
51,CXCR4,1.1177218881130928,1.986489747170028e-10,2.734301611401533,1.8719666973618163e-27,P61073,Cell membrane; Cell junction; Early endosome; Late endosome; Lysosome,True,locs=['Cell membrane']; secreted=False; cellmem=True; kw_access=True,-0.23098807309333624,False,2.98,3.0,4.2,2.0,61.9,False,8,3,True,True,True,,BALIXAFORTIDE; BURIXAFOR; CTCE-9908; MAVORIXAFOR; MOTIXAFORTIDE; MSX-122; PLERIXAFOR; ULOCUPLUMAB,MAVORIXAFOR,NCT02667886;NCT02923531
52,HAPLN1,2.0979536931835825,1.3546828517492518e-30,1.4423705214533813,7.64744591065955e-24,P10915,"Secreted, extracellular space, extracellular matrix",True,"locs=['Secreted, extracellular space, extracellular matrix']; secreted=True; cellmem=False; kw_access=True",0.00883168406104186,False,3.48,1.5,4.2,3.5,61.9,True,0,0,False,False,False,,,,
53,PTPRC,1.3941862789390809,2.2635805433779345e-30,2.0094486536454395,1.5048352236096806e-25,P08575,Cell membrane; Membrane raft; Synapse,True,"locs=['Cell membrane', 'Membrane raft']; secreted=False; cellmem=True; kw_access=True",0.8659062732457228,True,3.47,3.0,2.9,2.7,61.7,False,2,2,True,False,False,,AHN-12; BC8 131I,,
54,HAVCR2,1.3766862761090264,3.094790098465009e-26,0.9458243273536491,4.943802791509982e-10,Q8TDQ0,Cell membrane; Cell junction; Cell membrane,True,"locs=['Cell membrane', 'Cell membrane']; secreted=False; cellmem=True; kw_access=True",0.15110965564148424,False,2.08,3.0,4.2,3.5,60.9,False,3,3,True,True,True,,COBOLIMAB; LOMVASTOMIG; SABATOLIMAB,SABATOLIMAB,NCT02608268
55,CSPG4,1.2890925692346213,1.1467814136327077e-30,1.7195931562234428,3.675127119239755e-22,Q6UVK1,"Cell membrane; Apical cell membrane; Cell projection, lamellipodium membrane; Cell surface",True,"locs=['Cell membrane', 'Apical cell membrane', 'Cell projection, lamellipodium membrane', 'Cell surface']; secreted=False; cellmem=True; kw_access=True",-0.2066451772873791,False,2.87,1.5,4.2,4.3,60.5,False,0,0,False,False,False,,,,
56,FCGR1A,1.3689990096925584,1.4063274821917121e-30,2.0031199647734246,2.1246622739387163e-27,P12314,Cell membrane,True,locs=['Cell membrane']; secreted=False; cellmem=True; kw_access=True,0.7724770642201836,True,3.36,3.0,2.8,2.7,60.5,False,1,1,True,False,False,,MDX-447,,
57,PECAM1,1.0382160163600027,4.60179215657113e-30,1.5869380794692178,3.675127119239755e-22,P16284,Cell membrane; Cell membrane; Membrane raft; Cell junction; Cell junction,True,"locs=['Cell membrane', 'Cell membrane', 'Membrane raft']; secreted=False; cellmem=True; kw_access=True",-0.13211460000450828,False,1.59,3.0,4.2,4.3,60.3,False,0,0,False,False,False,,,,
58,PGF,1.065980774221667,2.1700640200219624e-09,3.118450755459212,1.0180277327294414e-26,P49763,Secreted,True,locs=['Secreted']; secreted=True; cellmem=False; kw_access=True,-0.15690123829658711,False,2.84,1.5,4.2,4.3,60.3,False,3,3,True,True,True,,AFLIBERCEPT; CONBERCEPT; TB-403,AFLIBERCEPT,NCT00357760;NCT00407485;NCT02298959;NCT06047379
59,HVCN1,1.1082961818446055,5.127977788244789e-27,0.997542150757446,1.2663884771464307e-27,Q96D96,"Cell membrane; Apical cell membrane; Cytoplasmic vesicle, phagosome membrane; Cell projection, cilium, flagellum membrane",True,"locs=['Cell membrane', 'Apical cell membrane', 'Cell projection, cilium, flagellum membrane']; secreted=False; cellmem=True; kw_access=True",0.4424552071668533,True,1.23,3.0,4.2,5.0,60.2,False,0,0,False,False,False,,,,
60,GZMA,1.1175878880415748,2.4370430284707617e-26,2.2834326936138196,1.5456654227986639e-25,P12544,Secreted; Cytoplasmic granule,True,locs=['Secreted']; secreted=True; cellmem=False; kw_access=True,0.5185357167008543,True,2.75,1.5,4.7,3.5,59.2,False,0,0,False,False,False,,,,
61,CD4,1.1310606138126962,1.134771136195633e-29,1.8456494048180363,7.515656127735108e-28,P01730,Cell membrane,True,locs=['Cell membrane']; secreted=False; cellmem=True; kw_access=True,0.8296147690643103,True,2.43,3.0,2.7,4.3,59.2,False,8,3,True,True,True,,CLENOLIXIMAB; IBALIZUMAB; PRILIXIMAB; SEMZUVOLIMAB; TREGALIZUMAB; TRX-1; VRC-01LS; ZANOLIMUMAB,ZANOLIMUMAB,NCT01160445
62,LY86,1.06038285099361,0.004880266534583875,2.032819046574752,4.953321780107233e-28,O95711,"Secreted, extracellular space",True,"locs=['Secreted, extracellular space']; secreted=True; cellmem=False; kw_access=True",0.6098901098901098,True,2.32,1.5,4.7,4.3,59.0,False,0,0,False,False,False,,,,
63,SERPINE1,1.283984303006128,8.371418070699423e-27,1.712213840101211,7.824218574107074e-11,P05121,Secreted,True,locs=['Secreted']; secreted=True; cellmem=False; kw_access=True,0.35316367242972746,False,2.81,3.0,3.2,2.7,58.6,False,1,1,True,False,False,,ALEPLASININ,,
64,ERO1A,1.3287100796544005,1.1467814136327077e-30,1.4721908266163481,8.365307224599676e-28,Q96HE7,"Endoplasmic reticulum membrane; Golgi apparatus lumen; Secreted; Cell projection, dendrite",True,"locs=['Secreted', 'Cell projection, dendrite']; secreted=True; cellmem=True; kw_access=True",-0.0767080675337556,False,2.65,1.5,4.7,3.5,58.6,False,0,0,False,False,False,,,,
65,COL5A3,1.467113564441517,2.770992413258677e-30,1.4244060717363871,2.3831506771392834e-23,P25940,"Secreted, extracellular space, extracellular matrix; Secreted",True,"locs=['Secreted, extracellular space, extracellular matrix', 'Secreted']; secreted=True; cellmem=False; kw_access=True",-0.17020940874151885,False,2.89,3.0,4.2,1.2,58.6,False,2,0,False,False,False,,COLLAGENASE CLOSTRIDIUM HISTOLYTICUM; OCRIPLASMIN,,
66,ITGA5,1.012284830137491,1.4063274821917121e-30,2.1402255844802154,5.919159927191286e-26,P08648,"Cell membrane; Cell junction, focal adhesion",True,locs=['Cell membrane']; secreted=False; cellmem=True; kw_access=True,0.20584270676013797,False,2.03,3.0,4.2,2.7,57.9,False,3,2,True,True,True,,ATN-161; PF-04605412; VOLOCIXIMAB,ATN-161; VOLOCIXIMAB,NCT00100685;NCT00131651
67,ITGAM,1.0184752624191589,5.015228487558303e-30,1.6694502951281587,1.0573538797736875e-27,P11215,Cell membrane; Membrane raft,True,"locs=['Cell membrane', 'Membrane raft']; secreted=False; cellmem=True; kw_access=True",0.6389513784009196,True,1.56,3.0,4.2,3.5,57.4,False,1,0,False,False,False,,ROVELIZUMAB,,
68,GZMK,1.0361049287680761,1.0822871800156113e-18,2.0029002759994006,6.870480323639484e-21,P49863,Secreted; Cell surface; Cytoplasmic granule,True,"locs=['Secreted', 'Cell surface']; secreted=True; cellmem=True; kw_access=True",0.5445378151260504,True,2.08,1.5,4.7,4.3,57.4,False,0,0,False,False,False,,,,
69,P2RX7,1.673670402568002,1.0718776194444785e-24,2.017586527287987,2.6141340936578087e-28,Q99572,Cell membrane,True,locs=['Cell membrane']; secreted=False; cellmem=True; kw_access=True,0.2900038744672607,False,3.93,3.0,1.7,2.0,57.1,False,5,2,True,False,False,,AZD9056; CE-224535; EVT401; GSK1482160; JNJ-54175446,,
70,COL8A1,1.2469592740730537,3.8312588281036686e-24,2.0211093299659,9.124624129109047e-21,P27658,"Secreted, extracellular space, extracellular matrix, basement membrane",True,"locs=['Secreted, extracellular space, extracellular matrix, basement membrane']; secreted=True; cellmem=False; kw_access=True",0.17557498047711412,False,3.01,1.5,4.2,2.8,56.4,False,0,0,False,False,False,,,,
71,LILRB2,1.302568053712596,9.622920110022568e-22,1.2306653490841903,5.716147571534397e-25,Q8N423,Cell membrane,True,locs=['Cell membrane']; secreted=False; cellmem=True; kw_access=True,0.6890469738030713,True,2.23,3.0,4.2,1.8,56.2,False,0,0,False,False,False,,,,
72,LOXL3,1.4002641782869696,4.351068555123545e-15,0.9067951906461547,2.613520105714771e-27,P58215,"Secreted, extracellular space; Cytoplasm; Nucleus; Secreted, extracellular space; Cytoplasm; Secreted, extracellular space",True,"locs=['Secreted, extracellular space', 'Secreted, extracellular space', 'Secreted, extracellular space']; secreted=True; cellmem=False; kw_access=True",0.17711856960857533,False,2.13,3.0,4.2,1.9,55.9,False,0,0,False,False,False,,,,
73,BTN3A1,1.262818374514411,8.236208136504304e-27,1.8721018003908543,2.6141340936578087e-28,O00481,Cell membrane,True,locs=['Cell membrane']; secreted=False; cellmem=True; kw_access=True,0.2685277719335157,False,2.92,3.0,4.2,0.2,55.5,False,0,0,False,False,False,,,,
74,VIM,1.1656076837750002,1.2785209114886742e-30,2.711802080057054,2.3352100538477988e-27,P08670,"Cytoplasm; Cytoplasm, cytoskeleton; Nucleus matrix; Cell membrane; Cell projection, axon",True,"locs=['Cell membrane', 'Cell projection, axon']; secreted=False; cellmem=True; kw_access=True",0.011076798232761535,False,3.15,1.5,4.2,2.0,54.7,False,1,2,True,False,False,,PRITUMUMAB,,
75,MMP14,1.2875762475567074,1.1467814136327077e-30,1.5411496270266944,8.929633678355932e-27,P50281,Cell membrane; Melanosome; Cytoplasm,True,locs=['Cell membrane']; secreted=False; cellmem=True; kw_access=True,0.33125352207921016,False,2.58,3.0,3.4,1.2,53.0,False,2,3,True,False,False,,CTS-1027; REBIMASTAT,,
76,IL32,1.4961756957689611,2.2535555354391556e-15,1.0068945302834633,1.6577409506257592e-13,P24001,Secreted,True,locs=['Secreted']; secreted=True; cellmem=False; kw_access=True,0.10895140664961636,False,2.4,1.5,3.2,4.3,52.9,False,0,0,False,False,False,,,,
77,KEL,1.1876904253549738,4.4513729219884855e-06,0.0159643814026168,0.5122341649856109,P23276,Cell membrane,True,locs=['Cell membrane']; secreted=False; cellmem=True; kw_access=True,0.1974025974025974,False,1.03,1.5,4.7,5.0,52.8,False,0,0,False,False,False,,,,
78,ICAM1,1.3038756179604747,1.1467814136327077e-30,1.6662378655545962,6.702274856269657e-22,P05362,Cell membrane,True,locs=['Cell membrane']; secreted=False; cellmem=True; kw_access=True,0.40914726235827154,True,2.78,1.5,3.2,3.5,52.8,False,3,3,True,False,False,,ALICAFORSEN; BI-505; ENLIMOMAB PEGOL,,
79,CD180,1.059865171185351,2.1253865459317596e-30,1.1182099241534216,2.799001334376391e-26,Q99467,Cell membrane,True,locs=['Cell membrane']; secreted=False; cellmem=True; kw_access=True,0.5268579672249396,True,1.17,1.5,4.7,4.3,51.4,False,0,0,False,False,False,,,,
80,CDH13,1.1936495189228857,3.078465945225961e-28,1.7868589901153153,1.3871018991804415e-22,P55290,Cell membrane; Cytoplasm,True,locs=['Cell membrane']; secreted=False; cellmem=True; kw_access=True,-0.2796068796068796,False,2.63,1.5,3.7,2.7,51.3,False,0,0,False,False,False,,,,
81,ADGRE2,1.031860394311494,3.6038489847683754e-16,0.8483191445987692,5.890017795553264e-22,Q9UHX3,"Cell membrane; Cell projection, ruffle membrane",True,"locs=['Cell membrane', 'Cell projection, ruffle membrane']; secreted=False; cellmem=True; kw_access=True",0.5043898156277437,True,0.65,3.0,4.7,2.7,50.9,False,0,0,False,False,False,,,,
82,OLFML2A,1.0749826614764502,1.1722723983476305e-23,1.5817177640356244,6.801940600601538e-20,Q68BL7,Secreted,True,locs=['Secreted']; secreted=True; cellmem=False; kw_access=True,-0.33085106382978724,False,1.84,1.5,4.7,2.7,50.5,False,0,0,False,False,False,,,,
83,HAPLN3,1.1383838410026783,2.0377329963072817e-22,1.3867003210300533,2.5179211992270763e-24,Q96S86,"Secreted, extracellular space, extracellular matrix",True,"locs=['Secreted, extracellular space, extracellular matrix']; secreted=True; cellmem=False; kw_access=True",0.30531341317858174,False,1.82,1.5,4.7,2.7,50.4,False,0,0,False,False,False,,,,
84,EGFR,1.0520515650504476,1.1467814136327077e-30,1.4434402499266317,1.965988371907969e-25,P00533,Cell membrane; Endoplasmic reticulum membrane; Golgi apparatus membrane; Nucleus membrane; Endosome; Endosome membrane; Nucleus; Secreted,True,"locs=['Cell membrane', 'Secreted']; secreted=True; cellmem=True; kw_access=True",-0.2518089398823344,False,1.55,3.0,3.2,2.7,50.2,False,82,3,True,True,True,,ABIVERTINIB; ABIVERTINIB MALEATE; AC-480; AEE-788; AFATINIB; AFATINIB DIMALEATE; ALLITINIB; AMIVANTAMAB; AUMOLERTINIB; AV-412; AZD-3759; AZD-4769; BAFISONTAMAB; BMS-690514; BRIGATINIB; CANERTINIB; CANERTINIB DIHYDROCHLORIDE; CEP-32496; CETUXIMAB; CETUXIMAB SAROTALOCAN; CLN-081; CUDC-101; DACOMITINIB,AFATINIB; AFATINIB DIMALEATE; CETUXIMAB; ERLOTINIB; ERLOTINIB HYDROCHLORIDE; GEFITINIB; LAPATINIB; LAPATINIB DITOSYLATE; OSIMERTINIB; OSIMERTINIB MESYLATE; PANITUMUMAB; VANDETANIB,NCT00004879;NCT00012337;NCT00014144;NCT00014183;NCT00030498
85,IGFLR1,1.0339380134171536,1.1812167125710092e-08,0.8502153772910812,3.8993834055015215e-18,Q9H665,Cell membrane,True,locs=['Cell membrane']; secreted=False; cellmem=True; kw_access=True,0.14995076243621497,False,0.69,3.0,3.2,4.3,49.8,False,0,0,False,False,False,,,,
86,ECSCR,1.0511628897245744,2.1948907950873625e-19,1.2559721388380964,6.587703421859811e-19,Q19T08,Cell membrane; Cytoplasm,True,locs=['Cell membrane']; secreted=False; cellmem=True; kw_access=True,-0.21959423761051036,False,1.28,1.5,4.7,3.5,49.4,False,0,0,False,False,False,,,,
87,LILRB1,1.0826035308686979,2.270444165575145e-11,1.6925820995013878,4.8524280566550075e-28,Q8NHL6,Cell membrane; Secreted,True,"locs=['Cell membrane', 'Secreted']; secreted=True; cellmem=True; kw_access=True",0.2777777777777778,False,2.06,1.5,4.7,1.8,49.0,False,0,0,False,False,False,,,,
88,TRPV2,1.1333950449962102,1.7683498609742997e-26,1.7054086228588865,3.585432897739871e-28,Q9Y5S1,Cell membrane; Cytoplasm; Melanosome,True,locs=['Cell membrane']; secreted=False; cellmem=True; kw_access=True,0.6163498552714035,True,2.27,1.5,4.2,1.9,48.5,False,0,0,False,False,False,,,,
89,LILRB4,1.1648915100622752,5.341323960045557e-09,2.173780239037048,3.3104419910882793e-28,Q8NHJ6,Cell membrane,True,locs=['Cell membrane']; secreted=False; cellmem=True; kw_access=True,0.6594746716697936,True,2.85,1.5,3.2,2.0,48.2,False,0,0,False,False,False,,,,
90,CDH4,1.599827873690112,1.4491539896072667e-15,1.0322120324427013,4.2770174788365944e-08,P55283,Cell membrane,True,locs=['Cell membrane']; secreted=False; cellmem=True; kw_access=True,-0.166046123923312,False,2.64,1.5,2.7,2.8,47.3,False,0,0,False,False,False,,,,
91,PLOD3,1.3380107921066462,1.1467814136327077e-30,1.0561422152997362,1.2220958014660975e-26,O60568,"Rough endoplasmic reticulum; Endoplasmic reticulum lumen; Endoplasmic reticulum membrane; Secreted; Secreted, extracellular space",True,"locs=['Secreted', 'Secreted, extracellular space']; secreted=True; cellmem=False; kw_access=True",0.12950882492166896,False,2.1,1.5,4.2,1.9,47.3,False,0,0,False,False,False,,,,
92,SORCS3,1.0958691334568982,1.764682830030021e-07,1.0189973038925015,0.027295781681265105,Q9UPU3,Cell membrane; Synaptic cell membrane; Postsynaptic density,True,locs=['Cell membrane']; secreted=False; cellmem=True; kw_access=True,-0.17792207792207793,False,1.23,3.0,2.7,2.7,45.9,False,0,0,False,False,False,,,,
93,ADAMTS7,1.6170601164105065,1.4628871549711808e-19,0.7023760857075914,2.2340101709847465e-22,Q9UKP4,"Secreted, extracellular space, extracellular matrix",True,"locs=['Secreted, extracellular space, extracellular matrix']; secreted=True; cellmem=False; kw_access=True",-0.1716361931551805,False,2.41,1.5,2.7,2.0,43.1,False,0,0,False,False,False,,,,
94,NEFL,1.255915727618362,6.377428372887012e-16,1.0822347200381164,0.00021687888760065952,P07196,"Cell projection, axon; Cytoplasm, cytoskeleton",True,"locs=['Cell projection, axon']; secreted=False; cellmem=True; kw_access=True",0.2903906408493564,False,1.87,1.5,2.7,2.8,42.1,False,0,0,False,False,False,,,,
95,COL3A1,1.2820392988449167,2.4370430284707617e-26,1.1811520546954597,2.4015730292568345e-09,P02461,"Secreted, extracellular space, extracellular matrix",True,"locs=['Secreted, extracellular space, extracellular matrix']; secreted=True; cellmem=False; kw_access=True",0.061614408403399226,False,2.1,1.5,2.9,2.0,41.9,False,2,0,False,False,False,,COLLAGENASE CLOSTRIDIUM HISTOLYTICUM; OCRIPLASMIN,,
96,TGFB3,1.3486868903116214,3.9819707006188237e-10,0.43137462016966666,2.3963575828641247e-05,P10600,"Secreted, extracellular space, extracellular matrix; Secreted",True,"locs=['Secreted, extracellular space, extracellular matrix', 'Secreted']; secreted=True; cellmem=False; kw_access=True",0.303670745272525,False,1.73,1.5,3.4,1.9,41.3,False,3,3,True,True,True,,BINTRAFUSP ALFA; FRESOLIMUMAB; LUSPATERCEPT,BINTRAFUSP ALFA; FRESOLIMUMAB,NCT00356460;NCT00923169;NCT04235777;NCT04648826
97,SLC1A4,1.2335500489593052,1.1102323887404414e-24,1.340724894970431,2.6141340936578087e-28,P43007,Cell membrane; Melanosome membrane,True,locs=['Cell membrane']; secreted=False; cellmem=True; kw_access=True,0.13612670408981556,False,2.1,1.5,2.7,2.0,41.0,False,0,0,False,False,False,,,,
98,COL5A2,1.1322113010637596,7.90133896271048e-28,1.5476977291006646,1.1571235437028129e-21,P05997,"Secreted, extracellular space, extracellular matrix",True,"locs=['Secreted, extracellular space, extracellular matrix']; secreted=True; cellmem=False; kw_access=True",0.07589658048373643,False,2.02,1.5,3.4,1.2,40.9,False,2,0,False,False,False,,COLLAGENASE CLOSTRIDIUM HISTOLYTICUM; OCRIPLASMIN,,
99,MET,1.0823020151609124,1.2710172662397035e-30,1.3619476278077238,6.385753414297159e-25,P08581,Membrane; Secreted,True,locs=['Secreted']; secreted=True; cellmem=False; kw_access=True,0.04668304668304668,False,1.62,1.5,2.2,3.5,40.6,False,38,3,True,True,True,,ALTIRATINIB; AMG-208; AMG-337; AMIVANTAMAB; AMUVATINIB; ARRY-300; BAFISONTAMAB; BEPERMINOGENE PERPLASMID; BMS-777607; BMS-817378; BPI-9016; CABOZANTINIB; CABOZANTINIB S-MALATE; CAPMATINIB; CAPMATINIB HYDROCHLORIDE; CRIZOTINIB; EMD-1204831; EMIBETUZUMAB; FORETINIB; GLESATINIB; GOLVATINIB; JNJ-3887760,CABOZANTINIB; CABOZANTINIB S-MALATE; CAPMATINIB; CRIZOTINIB; EMIBETUZUMAB; FORETINIB; NINGETINIB; SAVOLITINIB; TIVANTINIB,NCT00557609;NCT00726323;NCT00827177;NCT01178411;NCT01324479
100,NCEH1,1.0859924359128412,3.6171921076530295e-29,0.6408125192947907,2.059230471511496e-10,Q6PIU2,Cell membrane; Microsome,True,locs=['Cell membrane']; secreted=False; cellmem=True; kw_access=True,0.22687825440119017,False,0.95,1.5,4.2,1.9,39.7,False,0,0,False,False,False,,,,
101,COL5A1,1.2825920648679694,3.646723693233318e-05,0.7999753094968864,4.5190800632450075e-06,P20908,"Secreted, extracellular space, extracellular matrix",True,"locs=['Secreted, extracellular space, extracellular matrix']; secreted=True; cellmem=False; kw_access=True",-0.0818746470920384,False,1.7,1.5,3.4,1.0,38.1,False,2,0,False,False,False,,COLLAGENASE CLOSTRIDIUM HISTOLYTICUM; OCRIPLASMIN,,
