symbol,grade_rho,grade_p,stage_rho,stage_p,grade_fdr,grade_sig,stage_fdr,stage_sig,composite_0_100,retained_top12
TNFAIP6,-0.1278,0.2326,0.0667,0.5349,0.3614,False,0.73,False,84.6,False
CD70,0.0639,0.5073,0.0248,0.7969,0.6403,False,0.8845,False,84.5,True
TYROBP,0.3345,0.0004,0.1345,0.1613,0.0033,True,0.4287,False,82.6,False
CA9,-0.1648,0.0854,-0.1364,0.1554,0.1725,False,0.4287,False,79.5,True
FCER1G,0.316,0.0008,0.1905,0.0462,0.0049,True,0.2123,False,77.9,False
HILPDA,0.0658,0.6145,0.0072,0.9562,0.7302,False,0.9657,False,76.6,True
COL23A1,-0.1612,0.109,-0.1157,0.2518,0.2118,False,0.4624,False,76.2,True
SLC16A3,0.2626,0.0056,0.2123,0.026,0.0201,True,0.1628,False,76.0,True
ENPP3,-0.0564,0.5584,-0.0803,0.4041,0.6794,False,0.6185,False,75.1,False
LAIR1,0.3132,0.0025,0.0815,0.4422,0.0121,True,0.6381,False,74.8,False
NPTX2,0.1226,0.4222,0.0132,0.9314,0.5611,False,0.9547,False,74.2,True
ANGPTL4,0.2085,0.0288,0.2177,0.0223,0.0694,False,0.1628,False,73.3,False
CD48,0.3327,0.0011,0.0587,0.5763,0.0062,True,0.756,False,72.7,False
ADM,-0.3826,0.177,-0.5867,0.0274,0.3053,False,0.1628,False,71.9,False
LPCAT1,0.3203,0.0006,0.2397,0.0117,0.0043,True,0.1085,False,71.7,False
FCGR3A,0.2679,0.0047,0.142,0.139,0.0174,True,0.413,False,71.6,False
CYBB,0.2754,0.0036,0.1055,0.2725,0.0145,True,0.4914,False,71.5,False
LOX,0.202,0.0343,0.1286,0.1805,0.0805,False,0.4393,False,71.4,False
VWF,-0.2085,0.0288,-0.0295,0.7598,0.0694,False,0.8845,False,71.3,False
SCARB1,0.0164,0.865,0.0078,0.9358,0.8824,False,0.9547,False,70.3,True
BTN3A2,0.2204,0.0239,0.1194,0.2252,0.0603,False,0.4624,False,69.8,False
PRF1,-0.1871,0.0504,-0.1597,0.0956,0.113,False,0.3447,False,69.7,False
VCAM1,0.0669,0.4875,0.0887,0.3568,0.6286,False,0.5908,False,69.6,False
NCKAP1L,0.3376,0.0003,0.2393,0.0118,0.0031,True,0.1085,False,68.3,False
CD53,0.2803,0.0103,0.156,0.1589,0.0315,True,0.4287,False,67.8,False
CD2,0.1325,0.1677,0.0279,0.7726,0.2971,False,0.8845,False,67.8,False
CTHRC1,0.1284,0.1814,-0.0557,0.5632,0.3053,False,0.756,False,67.7,False
CD36,-0.324,0.0006,-0.2471,0.0093,0.0043,True,0.1085,False,67.6,False
SLC2A1,-0.0194,0.8403,-0.1015,0.2911,0.8661,False,0.507,False,67.6,True
ITGB2,0.3901,0.0,0.2834,0.0027,0.0006,True,0.0545,False,67.5,False
RHBDL2,0.4231,0.0065,0.3108,0.0509,0.0227,True,0.2236,False,67.1,False
POSTN,-0.0348,0.7194,-0.0747,0.44,0.7812,False,0.6381,False,67.1,True
FLT1,-0.0268,0.8074,0.034,0.7573,0.8584,False,0.8845,False,65.7,False
ANGPT2,-0.0818,0.3956,0.0388,0.6874,0.5327,False,0.8833,False,65.7,False
MSR1,0.2468,0.0093,0.1104,0.2508,0.0304,True,0.4624,False,65.1,False
HAVCR1,0.2844,0.0031,0.1125,0.2509,0.0138,True,0.4624,False,65.0,True
CD163,0.107,0.2868,0.0188,0.8519,0.4081,False,0.9154,False,64.5,False
LOXL2,0.0408,0.6719,0.1233,0.1995,0.754,False,0.4471,False,64.3,False
IGFBP3,0.1188,0.2165,0.1131,0.2396,0.347,False,0.4624,False,64.3,False
ESM1,0.0203,0.8402,0.09,0.3708,0.8661,False,0.5944,False,64.2,False
CD68,0.5082,0.0005,0.1813,0.2447,0.0042,True,0.4624,False,63.8,False
CD300A,0.1525,0.2076,-0.0099,0.9353,0.3438,False,0.9547,False,63.7,False
ITGAL,0.3053,0.0012,0.1552,0.1053,0.0062,True,0.3669,False,63.7,False
IL4I1,0.3043,0.0012,0.3603,0.0001,0.0062,True,0.0112,True,63.7,False
ITGAX,0.3114,0.0009,0.1526,0.1116,0.0055,True,0.3756,False,63.5,False
GPNMB,0.1071,0.2655,-0.0258,0.7888,0.3871,False,0.8845,False,63.4,False
SLC2A3,0.1287,0.1802,0.1809,0.0586,0.3053,False,0.2445,False,62.8,True
SPARC,-0.1003,0.2973,-0.0034,0.9721,0.4171,False,0.9721,False,62.5,False
EMILIN2,0.1065,0.2683,0.1462,0.1276,0.3871,False,0.4019,False,62.2,False
C5AR1,0.1792,0.1533,0.1074,0.3943,0.2765,False,0.6127,False,62.0,False
CXCR4,-0.2028,0.222,0.2268,0.1709,0.3504,False,0.4315,False,61.9,False
HAPLN1,0.0917,0.3407,0.1267,0.187,0.465,False,0.4393,False,61.9,True
PTPRC,0.3479,0.0002,0.1967,0.0394,0.0025,True,0.1897,False,61.7,False
HAVCR2,0.0372,0.7047,0.026,0.791,0.7736,False,0.8845,False,60.9,False
CSPG4,-0.3711,0.0001,-0.2447,0.01,0.0012,True,0.1085,False,60.5,False
FCGR1A,0.4003,0.0,0.2035,0.033,0.0005,True,0.1665,False,60.5,False
PECAM1,-0.3695,0.0001,-0.207,0.03,0.0012,True,0.1655,False,60.3,False
PGF,0.0872,0.5781,0.276,0.0732,0.6951,False,0.2844,False,60.3,False
HVCN1,0.2077,0.0434,0.0799,0.4412,0.0996,False,0.6381,False,60.2,False
GZMA,0.0675,0.4837,0.0358,0.7101,0.6286,False,0.8833,False,59.2,False
CD4,0.2428,0.0106,0.0236,0.8064,0.0315,True,0.8853,False,59.2,False
LY86,-0.1268,0.6798,-0.0448,0.8845,0.7545,False,0.9403,False,59.0,False
SERPINE1,0.2699,0.0044,0.1374,0.1524,0.0169,True,0.4287,False,58.6,False
ERO1A,0.1567,0.1021,0.1152,0.2308,0.2022,False,0.4624,False,58.6,False
COL5A3,-0.2443,0.0101,-0.1229,0.2009,0.0315,True,0.4471,False,58.6,False
ITGA5,0.1386,0.1488,0.0863,0.3698,0.2733,False,0.5944,False,57.9,False
ITGAM,0.2256,0.0178,0.2319,0.0148,0.0486,True,0.1243,False,57.4,False
GZMK,0.1284,0.2415,0.0237,0.8293,0.3695,False,0.9006,False,57.4,False
P2RX7,0.0103,0.9243,0.112,0.2988,0.9336,False,0.5115,False,57.1,False
COL8A1,-0.0642,0.5135,0.0356,0.7172,0.6403,False,0.8833,False,56.4,False
LILRB2,0.295,0.0075,0.2924,0.0081,0.0253,True,0.1085,False,56.2,False
LOXL3,0.0431,0.6653,-0.0975,0.327,0.754,False,0.5504,False,55.9,False
BTN3A1,0.189,0.0637,0.1543,0.1313,0.137,False,0.4019,False,55.5,False
VIM,0.0446,0.6437,0.0718,0.4558,0.7445,False,0.6485,False,54.7,False
MMP14,0.2352,0.0134,0.121,0.208,0.0387,True,0.4471,False,53.0,False
IL32,0.2179,0.0721,0.3558,0.0027,0.1485,False,0.0545,False,52.9,False
KEL,-0.1487,0.52,-0.3432,0.1278,0.6405,False,0.4019,False,52.8,False
ICAM1,0.4183,0.0,0.2056,0.0311,0.0003,True,0.1655,False,52.8,False
CD180,0.1813,0.0581,0.0288,0.7654,0.1275,False,0.8845,False,51.4,False
CDH13,-0.414,0.0,-0.2505,0.0083,0.0003,True,0.1085,False,51.3,False
ADGRE2,0.1271,0.3053,0.0904,0.4669,0.4224,False,0.6549,False,50.9,False
OLFML2A,-0.3,0.0031,-0.174,0.0917,0.0138,True,0.3429,False,50.5,False
HAPLN3,0.0509,0.6341,0.0278,0.7944,0.7445,False,0.8845,False,50.4,False
EGFR,0.0662,0.4917,-0.0106,0.9127,0.6286,False,0.9547,False,50.2,False
IGFLR1,0.1299,0.2147,0.3113,0.0024,0.347,False,0.0545,False,49.8,False
ECSCR,-0.3782,0.0003,-0.2009,0.0605,0.0031,True,0.2445,False,49.4,False
LILRB1,-0.0427,0.7614,-0.0383,0.7854,0.8181,False,0.8845,False,49.0,False
TRPV2,0.2433,0.0188,-0.1117,0.2864,0.0499,True,0.507,False,48.5,False
LILRB4,0.2926,0.0669,0.0596,0.7148,0.1408,False,0.8833,False,48.2,False
CDH4,-0.2989,0.0204,-0.1664,0.2038,0.0527,False,0.4471,False,47.3,False
PLOD3,0.3208,0.0006,0.2146,0.0243,0.0043,True,0.1628,False,47.3,False
SORCS3,0.1056,0.6486,-0.3007,0.1854,0.7445,False,0.4393,False,45.9,False
ADAMTS7,-0.1282,0.2571,0.0926,0.4138,0.3837,False,0.6238,False,43.1,False
NEFL,0.2766,0.0034,0.0829,0.3893,0.0145,True,0.6127,False,42.1,False
COL3A1,0.0057,0.9527,-0.0371,0.7007,0.9527,False,0.8833,False,41.9,False
TGFB3,0.213,0.2583,0.2593,0.1665,0.3837,False,0.4311,False,41.3,False
SLC1A4,-0.1613,0.1356,-0.1325,0.2213,0.2584,False,0.4624,False,41.0,False
COL5A2,-0.1386,0.1486,-0.0637,0.5087,0.2733,False,0.7039,False,40.9,False
MET,0.2334,0.0141,0.216,0.0234,0.0396,True,0.1628,False,40.6,False
NCEH1,0.3596,0.0001,0.2982,0.0016,0.0016,True,0.0545,False,39.7,False
COL5A1,-0.0508,0.8223,0.1262,0.5759,0.8652,False,0.756,False,38.1,False
